Rank,Name,Median_score,Cooperation_rating,Wins,Initial_C_rate,CC_rate,CD_rate,DC_rate,DD_rate,CC_to_C_rate,CD_to_C_rate,DC_to_C_rate,DD_to_C_rate,Noise_Level,coop_rate,first_move_c,provocability,retaliation_rate,forgiveness_rate
40,Hard Go By Majority: 5,2.28262133101,0.4997915684060581,59.0,0.5480726628267611,0.2543079832873592,0.2454835851186988,0.254635518649268,0.2455729129446738,0.487731764012,0.516616773862,0.483442357413,0.510728238527,1006,0.4997915684060581,0.5480726628267611,0.5144143195314145,0.486328029395663,0.483442357413
65,Adaptive Pavlov 2011,2.26264167393,0.5092591269217392,53.0,0.4656623836951706,0.2595235372866256,0.2497355896351137,0.2492293986212547,0.2415114744570059,0.501299556914,0.522688699824,0.495952432823,0.519144389987,1006,0.5092591269217392,0.4656623836951706,0.5013199081101675,0.4790537869148232,0.495952432823
4,Opposite Grudger,2.34539378088,0.4632695889967175,82.0,0.5343376163048295,0.2366186916689295,0.2266508973277879,0.2740268031119431,0.2627036078913393,0.461016169104,0.462974078371,0.462615711662,0.464019176594,1006,0.4632695889967175,0.5343376163048295,0.5381254711570223,0.5364648742270557,0.462615711662
47,Calculator,2.28087765185,0.499440212290556,59.0,0.460788657509969,0.2545307073334571,0.2449095049570987,0.2541352828238075,0.2464245048856365,0.464323413861,0.53562796462,0.464566982905,0.536955199166,1006,0.499440212290556,0.460788657509969,0.5355548962893112,0.4637063718816196,0.464566982905
42,Resurrection,2.28254867771,0.5003954245096498,58.0,0.4578348840643922,0.25527391484557,0.2451215096640797,0.2544925941277078,0.2451119813626422,0.461701956587,0.539745483417,0.46601981706,0.538323711411,1006,0.5003954245096498,0.4578348840643922,0.5361424221756055,0.46096538876904086,0.46601981706
69,Meta Hunter: 6 players,2.25130775937,0.5204858480902902,46.0,0.460788657509969,0.2653929709720296,0.2550928771182607,0.2440090804712698,0.23550507143844,0.526732284098,0.517871519212,0.524295092856,0.514281247291,1006,0.5204858480902902,0.460788657509969,0.47443515681082266,0.4838519434476503,0.524295092856
26,Cycler DC,2.28538215635,0.4989697524070871,59.0,0.5316792202038104,0.2538887380241161,0.245081014382971,0.2554335138946456,0.2455967336982673,0.495348587349,0.496491828382,0.501033708837,0.501930853833,1006,0.4989697524070871,0.5316792202038104,0.5018002304120008,0.5007858005903939,0.501033708837
11,Sneaky Tit For Tat,2.3113193839,0.4803288216826027,71.0,0.464333185644661,0.2445855427082291,0.2357432789743736,0.264300789419774,0.2553703888976232,0.462889896472,0.498529728681,0.462083178233,0.499532354361,1006,0.4803288216826027,0.464333185644661,0.5375290895646566,0.5009489237643091,0.462083178233
10,Pun1,2.31335367626,0.4809803192933811,72.0,0.5417220499187713,0.2452501417334839,0.2357301775598972,0.2648153176973907,0.2542043630092281,0.461607740258,0.497652262901,0.463763637229,0.50024164211,1006,0.4809803192933811,0.5417220499187713,0.537272963128708,0.5010042280423644,0.463763637229
44,Ripoff,2.28225806452,0.4991519811720764,60.0,0.5288731354305125,0.2540983606557377,0.2450536205163386,0.2550785846661044,0.2457694341618192,0.46327510564,0.535481447498,0.463296919604,0.53613018509,1006,0.4991519811720764,0.5288731354305125,0.5367139663808088,0.4641937106483306,0.463296919604
73,EvolvedLookerUp1_1_1,2.24651264167,0.5184622750725342,46.0,0.4650716290060552,0.2625011314857957,0.2559611435867384,0.2448416158093577,0.2366961091181081,0.502285754921,0.539209274756,0.497722789102,0.537278426072,1006,0.5184622750725342,0.4650716290060552,0.49991631444919027,0.4617183973086847,0.497722789102
55,Naive Prober: 0.1,2.27637314734,0.5032979833350008,58.0,0.4613794121990843,0.2561397992386887,0.2471581840963122,0.2529299526919835,0.2437720639730158,0.469938766464,0.537948787519,0.471668811402,0.537434279305,1006,0.5032979833350008,0.4613794121990843,0.5292016653085344,0.46230669221513965,0.471668811402
68,Adaptive Pavlov 2006,2.25348735833,0.5189208245792064,47.0,0.4690592231575838,0.2635587729453408,0.2553620516338655,0.2450131252352299,0.2360660501855637,0.512305085463,0.527932002738,0.508402088527,0.529394616194,1006,0.5189208245792064,0.4690592231575838,0.48957524941294195,0.47136540540730576,0.508402088527
97,NMWE Long Memory: 95 players,2.22544318512,0.5362015902735099,35.0,0.4638901196278245,0.2730537253276544,0.2631478649458554,0.2356706256759139,0.2281277840505763,0.537337055162,0.536291441161,0.537947687255,0.535592733118,1006,0.5362015902735099,0.4638901196278245,0.4623800646355265,0.4640330095172974,0.537947687255
0,Eventual Cycle Hunter,2.34946236559,0.4627836456234129,83.0,0.4677300251070743,0.2369164510888466,0.2258671945345663,0.2748247983573207,0.2623915560192663,0.462699268128,0.463435579524,0.462479469734,0.462516638708,1006,0.4627836456234129,0.4677300251070743,0.5374187720913017,0.537058261723753,0.462479469734
18,Cycler CCCDCD,2.30296425458,0.4873833378592765,67.0,0.4560626199970462,0.2483980543208465,0.23898528353843,0.2611099994759435,0.25150666266478,0.484757445379,0.486881060234,0.48917835535,0.489670446598,1006,0.4873833378592765,0.4560626199970462,0.5129769500017816,0.5116886425700464,0.48917835535
53,"ZD-SET-2: 0.25, 0.0, 2",2.27717233362,0.5040328535833559,56.0,0.4513365824841234,0.2563482308326305,0.2476846227507254,0.2527429597762754,0.2432241866403686,0.481935052934,0.519577438675,0.499692849702,0.517758643123,1006,0.5040328535833559,0.4513365824841234,0.5092489270738217,0.4813236962411752,0.499692849702
80,"Stein and Rapoport: 0.05: ('D', 'D')",2.2356873002,0.5301606471622337,39.0,0.4646285629892187,0.2688576995821839,0.2613029475800497,0.238691097231552,0.2311482556062143,0.525592998298,0.536932516378,0.524379544345,0.536219490654,1006,0.5301606471622337,0.4646285629892187,0.47497766733513685,0.46340216582246696,0.524379544345
103,Meta Winner Stochastic: 47 players,2.22297297297,0.534877156373719,37.0,0.4680254024516319,0.271781697085769,0.2630954592879499,0.2358361799133878,0.2292866637128932,0.534984445274,0.536458613931,0.534817199104,0.535322787782,1006,0.534877156373719,0.4680254024516319,0.4650932562799151,0.4640703041106926,0.534817199104
91,Evolved ANN,2.22863993025,0.5337230408621207,36.0,0.4746713927041796,0.2711194801358735,0.2626035607262473,0.2369414628801197,0.2293354962577594,0.532580801468,0.537142762454,0.532407251153,0.534671218969,1006,0.5337230408621207,0.4746713927041796,0.46750013619525604,0.4640094385018057,0.532407251153
36,Doubler,2.28414705028,0.4977024883159203,60.0,0.4609363461822478,0.2536314738853078,0.2440710144306124,0.2554597167235983,0.2468377949604813,0.461269241687,0.536704348304,0.461530164286,0.535134607892,1006,0.4977024883159203,0.4609363461822478,0.5385998285022766,0.4640849454600273,0.461530164286
12,Cycler CCCD,2.31037489102,0.4824357673379355,70.0,0.4647762516614975,0.2464995402594556,0.2359362270784799,0.2635980771887699,0.2539661554732945,0.481292911271,0.482527425382,0.483110925586,0.483220630278,1006,0.4824357673379355,0.4647762516614975,0.5177676115361187,0.5171132161240172,0.483110925586
31,Meta Majority: 173 players,2.28443766347,0.502339198002868,58.0,0.464333185644661,0.256482818090433,0.2458563799124349,0.2540959785803784,0.2435648234167536,0.472396587896,0.534865467107,0.469390313057,0.537022579993,1006,0.502339198002868,0.464333185644661,0.5290995226986391,0.464061026441717,0.469390313057
66,Inverse,2.2595902354,0.5135492446439035,50.0,0.4601979028208536,0.2608539263748148,0.2526953182690887,0.2473904364438474,0.239060318912249,0.490559171627,0.537676250728,0.492304048288,0.537076140178,1006,0.5135492446439035,0.4601979028208536,0.5085915010999704,0.4626154848589837,0.492304048288
90,"DoubleCrosser: ('D', 'D')",2.22871258355,0.5319162367020643,38.0,0.4650716290060552,0.2704584542236579,0.2614577824784064,0.2371498944740615,0.2309338688238741,0.532277016957,0.533137413739,0.530609506474,0.533630937468,1006,0.5319162367020643,0.4650716290060552,0.4685020284154655,0.46663112144271374,0.530609506474
62,Meta Majority Long Memory: 95 players,2.26460331299,0.5110873697600298,51.0,0.4640378083001034,0.2604251528101342,0.2506622169498955,0.2484552241294705,0.2404574061104997,0.487845670699,0.538359601127,0.485239168933,0.536614860626,1006,0.5110873697600298,0.4640378083001034,0.513426925002882,0.4624946424330355,0.485239168933
22,Meta Majority Memory One: 30 players,2.29003196745,0.4956646228460084,62.0,0.461674789543642,0.2520473937713494,0.243617229074659,0.2574094454052147,0.2469259317487768,0.468099219119,0.527100503151,0.464741376096,0.526284832147,1006,0.4956646228460084,0.461674789543642,0.5335973731020509,0.4733100831923609,0.464741376096
85,Shubik,2.23081952921,0.5304703169589473,39.0,0.4587210160980652,0.2695127703060014,0.2609575466529458,0.2387363566633794,0.2307933263776732,0.525047695893,0.537118633669,0.52571802561,0.536863051459,1006,0.5304703169589473,0.4587210160980652,0.4746374347527642,0.463001318672,0.52571802561
81,Forgetful Grudger,2.23394362104,0.5292078170184992,41.0,0.456210308669325,0.2686087727071334,0.2605990443113658,0.2389698000485943,0.2318223829329064,0.523869137887,0.53684168633,0.522161441149,0.536673924376,1006,0.5292078170184992,0.456210308669325,0.4769348518200673,0.4632372927188188,0.522161441149
77,Math Constant Hunter,2.23910200523,0.5280596566952992,39.0,0.463447053610988,0.2681776170670936,0.2598820396282057,0.2402692221571122,0.2316711211475886,0.529182248213,0.529589224995,0.528584941517,0.526701804824,1006,0.5280596566952992,0.463447053610988,0.47110001220080483,0.4717716285639192,0.528584941517
15,Nydegger,2.30557977332,0.4841413332952201,69.0,0.478806675527987,0.2469926298588382,0.2371487034363819,0.2625904593117708,0.2532682073930091,0.477096269357,0.481799802216,0.495297816205,0.481885751272,1006,0.4841413332952201,0.478806675527987,0.5135243916331828,0.5181558107270703,0.495297816205
30,Forgiving Tit For Tat,2.28501888986,0.4991829481517477,60.0,0.4675823364347954,0.2545116507305825,0.2446712974211652,0.2543008370612812,0.246516214786971,0.461079355932,0.53785764635,0.462337070289,0.53908404032,1006,0.4991829481517477,0.4675823364347954,0.5382920474406705,0.4615268534758143,0.462337070289
45,Remorseful Prober: 0.1,2.28160418483,0.5002346344228946,59.0,0.4599025254762959,0.2545461908232929,0.2456884435996017,0.2544223229046074,0.2453430426724979,0.469666820546,0.531589275764,0.469754811918,0.533459089803,1006,0.5002346344228946,0.4599025254762959,0.5302891944752519,0.46747647484795607,0.469754811918
9,Willing,2.31705899448,0.4801978075378392,72.0,0.4953478068232166,0.2447058375138755,0.2354919700239637,0.2661111666928695,0.2536910257692911,0.461580982404,0.459359813968,0.461823164344,0.536291457764,1006,0.4801978075378392,0.4953478068232166,0.5382928524173262,0.5007433216753873,0.461823164344
33,ALLCorALLD,2.28443766347,0.5001619811244349,59.0,0.5079013439669178,0.2551166978718538,0.245045283252581,0.2545176059189809,0.2453204129565842,0.462659628474,0.459998691211,0.539843268879,0.53776283496,1006,0.5001619811244349,0.5079013439669178,0.4987939172824986,0.5010974213327647,0.539843268879
56,Winner12,2.27215925603,0.5080121104711268,53.0,0.4591640821149018,0.2591293038146554,0.2488828066564714,0.2505621697848032,0.2414257197440698,0.46230632567,0.53739633894,0.536719671824,0.498535148108,1006,0.5080121104711268,0.4591640821149018,0.501112388514836,0.48173873716321025,0.536719671824
64,Thumper,2.26322290032,0.5109027589196812,51.0,0.4647762516614975,0.2597760372747152,0.2511267216449659,0.2488077712826522,0.2402894697976665,0.488593962234,0.53893668657,0.483068833349,0.536269847484,1006,0.5109027589196812,0.4647762516614975,0.5141090239421144,0.4623673269345803,0.483068833349
28,Random: 0.5,2.28523684975,0.4999630778319303,59.0,0.5030276177817161,0.2548070280751401,0.2451560497567901,0.2543842096988581,0.2456527124692116,0.501834436485,0.498805246352,0.499608920055,0.499417217781,1006,0.4999630778319303,0.5030276177817161,0.4992773977262333,0.5008884582982477,0.499608920055
79,Random Hunter,2.23757628596,0.5262111662164545,41.0,0.4666962044011224,0.2670770982510803,0.2591340679653741,0.2405276773336001,0.2332611564499454,0.527800207475,0.528650135998,0.525727787526,0.524349799288,1006,0.5262111662164545,0.4666962044011224,0.473181805265559,0.4733870517413609,0.525727787526
5,Arrogant QLearner,2.33921825051,0.4658172185935274,81.0,0.4593117707871806,0.2382313566872002,0.2275858619063271,0.2729215201452113,0.2612612612612613,0.465185756393,0.466454706811,0.465465832091,0.466397732299,1006,0.4658172185935274,0.4593117707871806,0.5346647018774737,0.5335757428575353,0.465465832091
107,MEM2,2.221519907,0.5363290313052343,35.0,0.4696499778466991,0.2724081829052743,0.26392084839996,0.2351739629634923,0.2284970057312732,0.537656370546,0.537905287052,0.535144989729,0.536532636067,1006,0.5363290313052343,0.4696499778466991,0.4635072073773989,0.46273166515709474,0.535144989729
70,Evolved HMM 5,2.25,0.522093748957842,45.0,0.4761482794269679,0.2659289379278802,0.2561648110299618,0.2433575828604913,0.2345486681816666,0.522607477583,0.524696767647,0.5194405822,0.523047819097,1006,0.522093748957842,0.4761482794269679,0.47890579240181314,0.47609138817648367,0.5194405822
39,Knowledgeable Worse and Worse,2.28342051729,0.5002715565909643,60.0,0.4573918180475557,0.2548784903359202,0.245393066255044,0.2543925469626157,0.2453358964464199,0.502487950286,0.50144552845,0.499018973983,0.499485016703,1006,0.5002715565909643,0.4573918180475557,0.4992448828272953,0.49953461322392145,0.499018973983
35,ThueMorseInverse,2.28421970357,0.4999094811363452,60.0,0.4632993649387092,0.2549237497677477,0.2449857313685976,0.2549368511822238,0.2451536676814308,0.499015378709,0.499977251696,0.501642967277,0.500194911175,1006,0.4999094811363452,0.4632993649387092,0.4996707932476481,0.4999138812761995,0.501642967277
16,Cycler CCD,2.30398140076,0.4874488449316582,67.0,0.4560626199970462,0.2489733255201262,0.238475519411532,0.2616185725651617,0.25093258250318,0.48646576665,0.487196742674,0.489144635725,0.487914374253,1006,0.4874488449316582,0.4560626199970462,0.512161626565367,0.5124353084818762,0.489144635725
105,Nice Meta Winner: 173 players,2.22224643999,0.5355643851148875,36.0,0.4594594594594595,0.2716471098279664,0.2639172752869209,0.2359290808524018,0.2285065340327106,0.536351236507,0.534901782952,0.534740820067,0.539023904068,1006,0.5355643851148875,0.4594594594594595,0.4643973093811937,0.4631853696363737,0.534740820067
34,Alternator,2.28429235687,0.499436639177517,59.0,0.4650716290060552,0.2546879243071733,0.2447487148703435,0.2555216506829411,0.245041710139542,0.537104879679,0.537837769889,0.462376367464,0.461787301305,1006,0.499436639177517,0.4650716290060552,0.5003204328401293,0.5002102113028756,0.462376367464
110,Forgiver,2.21890438826,0.5361110714098551,36.0,0.4570964407029981,0.2716840319960362,0.2644270394138189,0.2354633851196516,0.2284255434704932,0.536777057207,0.537098727834,0.533654122598,0.539542660063,1006,0.5361110714098551,0.4570964407029981,0.4646728895534993,0.4617685672416445,0.533654122598
7,Cycler CCCCCD,2.32904678872,0.4739007913254344,78.0,0.4624132329050361,0.2424928895050523,0.2314079018203819,0.2687183481736629,0.2573808605009027,0.475534785553,0.472196015215,0.473310826956,0.474821968166,1006,0.4739007913254344,0.4624132329050361,0.525634238984305,0.5264212401675634,0.473310826956
43,Meta Mixer: 173 players,2.28247602441,0.5018008489716581,58.0,0.4730468173091124,0.2560290327344796,0.2457718162371784,0.2536112262447534,0.2445879247835885,0.49453438874,0.509965145754,0.493899439277,0.510382723668,1006,0.5018008489716581,0.4730468173091124,0.5057815798458362,0.48982656937496205,0.493899439277
67,PSO Gambler 2_2_2,2.25646614356,0.5147664851525243,50.0,0.4622655442327573,0.261922287173477,0.2528441979790472,0.246501922334815,0.2387315925126607,0.514861036012,0.515513945759,0.520735343169,0.509386987858,1006,0.5147664851525243,0.4622655442327573,0.4822908934604653,0.4874615840479107,0.520735343169
99,Defector,2.22420807905,0.5372306468287431,35.0,0.5361098803721754,0.2727428644932612,0.264487782335482,0.2351025007027121,0.2276668524685446,0.536533142261,0.538083528023,0.536774351676,0.537527126945,1006,0.5372306468287431,0.5361098803721754,0.46335519198295305,0.4621738587273835,0.536774351676
27,"Alexei: ('D',)",2.28530950305,0.4985159670511336,60.0,0.4588687047703441,0.2541507663136431,0.2443652007374904,0.2554716271003949,0.2460124058484715,0.462809773076,0.536320438118,0.462874687001,0.536107907048,1006,0.4985159670511336,0.4588687047703441,0.5371576858381772,0.46378618436872454,0.462874687001
19,Firm But Fair,2.3017291485,0.4871891987174906,67.0,0.469797666518978,0.2480371699039071,0.2391520288135835,0.2609337258993525,0.2518770753831569,0.462990878692,0.537454712509,0.463072728662,0.488770395419,1006,0.4871891987174906,0.469797666518978,0.5369671593455126,0.4875182744297584,0.463072728662
89,"Limited Retaliate: 0.1, 20",2.22922115664,0.5320031824526801,38.0,0.4606409688376901,0.2704060485657524,0.2615971338869278,0.2379883850005478,0.2300084325467719,0.531883086481,0.533483227674,0.532003376103,0.532968280509,1006,0.5320031824526801,0.4606409688376901,0.4680606038291569,0.4667577016367181,0.532003376103
94,Revised Downing: True,2.22733217088,0.5335955998303963,36.0,0.464333185644661,0.2711456829648261,0.2624499168655701,0.2369247883526044,0.2294796118169994,0.535135536876,0.536715002345,0.533670985258,0.530393684642,1006,0.5335955998303963,0.464333185644661,0.46554741677258815,0.4662338215171114,0.533670985258
25,GrudgerAlternator,2.28618134263,0.4989733255201261,61.0,0.4646285629892187,0.2539840210384896,0.2449893044816366,0.2555145044568628,0.2455121700230108,0.536659256096,0.53664872825,0.462980488803,0.460876235066,1006,0.4989733255201261,0.4646285629892187,0.5002907894327091,0.5012779043833568,0.462980488803
8,Stalker: D,2.32149084568,0.4772857204110509,74.0,0.4644808743169399,0.2429359555218889,0.234349764889162,0.2670497043844479,0.2556645752045012,0.477045309714,0.482475970539,0.472953118761,0.477476217719,1006,0.4772857204110509,0.4644808743169399,0.5250975316837053,0.52013264634476,0.472953118761
83,"Limited Retaliate 2: 0.08, 15",2.23205463528,0.5310146211785556,39.0,0.4649239403337764,0.2695401641726337,0.2614744570059218,0.2385505547853511,0.2304348240360932,0.532134033273,0.532867243869,0.531524984938,0.529257229892,1006,0.5310146211785556,0.4649239403337764,0.468151917272413,0.46882386660119824,0.531524984938
49,Stochastic Cooperator,2.28036907876,0.5015292923806938,59.0,0.4655146950228917,0.2557527119927966,0.2457765803878972,0.2539792568877708,0.2444914507315353,0.467240221167,0.519011157611,0.518765690669,0.503078625092,1006,0.5015292923806938,0.4655146950228917,0.5070866775683279,0.4889342268361632,0.518765690669
13,"Gradual Killer: ('D', 'D', 'D', 'D', 'D', 'C', 'C')",2.30957570474,0.4826799300622674,69.0,0.529316201447349,0.2455407549273228,0.2371391751349446,0.264006603112896,0.2533134668248365,0.484191484917,0.486230572683,0.479463005414,0.47965174772,1006,0.4826799300622674,0.529316201447349,0.518258434196068,0.5171673190122147,0.479463005414
78,Inverse Punisher,2.23895669863,0.5291232533432427,40.0,0.460788657509969,0.2694341618191433,0.2596890915240994,0.2396105783202557,0.2312661683365015,0.522804090691,0.53790325786,0.520116635601,0.538049358006,1006,0.5291232533432427,0.460788657509969,0.4784609114150001,0.46202792116236463,0.520116635601
24,"ZD-GEN-2: 0.125, 0.5, 3",2.28632664923,0.4959040214196216,62.0,0.4603455914931325,0.2525357192200133,0.2433683021996083,0.2563506129079899,0.2477453656723883,0.460432401561,0.495568325696,0.500043908034,0.529183558699,1006,0.4959040214196216,0.4603455914931325,0.5196133703108841,0.48747425947867823,0.500043908034
3,$e$,2.34604766056,0.4630694946665332,83.0,0.463447053610988,0.23611488273043,0.2269546119361032,0.2744031710187183,0.2625273343147483,0.466491949343,0.460700600535,0.463040679347,0.462079520888,1006,0.4630694946665332,0.463447053610988,0.535363106367546,0.5385598333026969,0.463040679347
17,Soft Go By Majority: 10,2.30318221447,0.4897558849171752,66.0,0.4702407325358145,0.2497796580292614,0.2399762268879139,0.2604037141319001,0.2498404009509245,0.482279403539,0.50105451072,0.479000860817,0.498252845003,1006,0.4897558849171752,0.4702407325358145,0.5193940040009839,0.5003745328164642,0.479000860817
38,Raider,2.28349317059,0.5007384433613942,58.0,0.5403928518682617,0.2547629596809926,0.2459754836804017,0.2541007427310969,0.2451608139075086,0.467687443212,0.534358662803,0.468548547946,0.533456428119,1006,0.5007384433613942,0.5403928518682617,0.5318825647263901,0.46609170625046104,0.468548547946
101,Evolved ANN 5 Noise 05,2.22340889276,0.5323009418725971,36.0,0.469797666518978,0.2703607891339251,0.2619401527386721,0.2368104487353561,0.2308886093920466,0.532918401337,0.534654609428,0.531634797242,0.531697876432,1006,0.5323009418725971,0.469797666518978,0.4676809442864082,0.4667306099874386,0.531634797242
6,"Grumpy: Nice, 10, -10",2.33173496077,0.4729050838252319,77.0,0.461674789543642,0.2419450121724051,0.2309600716528268,0.2694079589901905,0.2576869571845774,0.474288907579,0.473543151913,0.472192645855,0.472203975798,1006,0.4729050838252319,0.461674789543642,0.5268155146585165,0.527163059724119,0.472192645855
72,Meta Hunter Aggressive: 7 players,2.24840162743,0.5211540202285839,45.0,0.4573918180475557,0.2649534780682322,0.2562005421603519,0.2432611088084382,0.2355848709629777,0.526967780117,0.517868907224,0.523647263657,0.517787564005,1006,0.5211540202285839,0.4573918180475557,0.47462161250716783,0.4821700594294233,0.523647263657
96,"EugineNier: ('D',)",2.2265329846,0.5341839724441523,37.0,0.4681730911239108,0.2707955178870039,0.2633884545571484,0.2368604723179022,0.2289555552379454,0.532289222879,0.538962013662,0.531018350477,0.536651977533,1006,0.5341839724441523,0.4681730911239108,0.46830373661168195,0.46211222628814186,0.531018350477
88,Retaliate: 0.1,2.22922115664,0.5353452341818286,36.0,0.448087431693989,0.2723486310212911,0.2629966031605374,0.2369033496743703,0.2277514161438012,0.537452917698,0.537835628354,0.535638456378,0.532605039656,1006,0.5353452341818286,0.448087431693989,0.4633911673146403,0.4645918373440255,0.535638456378
54,"ZD-Extort-2 v2: 0.125, 0.5, 1",2.27680906713,0.5045581012000896,56.0,0.4599025254762959,0.2573665680487467,0.2471915331513428,0.251991415000405,0.2434504837995054,0.470748639498,0.504112722756,0.509954628774,0.536637035656,1006,0.5045581012000896,0.4599025254762959,0.5098552323506196,0.47974911655413655,0.509954628774
50,Tullock: 11,2.28022377216,0.5033944573870539,58.0,0.4712745532417663,0.2563601412094273,0.2470343161776267,0.2531276649468082,0.2434778776661377,0.500513716512,0.506096948466,0.50039301457,0.507760876809,1006,0.5033944573870539,0.4712745532417663,0.499546251558607,0.4930771194845488,0.50039301457
84,Tricky Defector,2.23089218251,0.5289731825956046,38.0,0.5448235120366268,0.2687588434547715,0.2602143391408331,0.2386994344953096,0.2323273829090856,0.536844694039,0.520867932362,0.537119740923,0.520223603574,1006,0.5289731825956046,0.5448235120366268,0.4630259287520288,0.4794359915785466,0.537119740923
46,ThueMorse,2.28160418483,0.5010957546652945,59.0,0.5468911534485305,0.2552250823007035,0.2458706723645909,0.2542305658381808,0.2446736794965246,0.497172491754,0.499503823855,0.502354402151,0.504095805423,1006,0.5010957546652945,0.5468911534485305,0.5002416108922957,0.49820578788110476,0.502354402151
76,Fortress4,2.23939261842,0.5281668500864694,41.0,0.5313838428592527,0.2684563198841358,0.2597105302023334,0.23991786604161,0.2319152838719205,0.530049014173,0.527414822745,0.527394126865,0.527710806869,1006,0.5281668500864694,0.5313838428592527,0.4712039111626098,0.4724455522797162,0.527394126865
61,Evolved FSM 4,2.26627433885,0.5099404004745094,52.0,0.454438044601979,0.2592198226783102,0.250720577796199,0.2496117217164283,0.2404478778090623,0.520460835952,0.500362733793,0.517206682324,0.503081926396,1006,0.5099404004745094,0.454438044601979,0.4811355172984281,0.49830610561782956,0.517206682324
108,Spiteful Tit For Tat,2.22130194711,0.535476248326592,35.0,0.4610840348545266,0.2712921805994255,0.2641840677271665,0.2360696232986026,0.2284541283748052,0.533540266355,0.538380061645,0.534526014126,0.537996595186,1006,0.535476248326592,0.4610840348545266,0.4660010765226476,0.46179776560498803,0.534526014126
109,Meta Winner: 173 players,2.21897704156,0.5373485595590302,35.0,0.4644808743169399,0.2728679234496262,0.2644806361094038,0.234540330917909,0.2281111095230609,0.538001537221,0.538708646399,0.53715770677,0.537788178095,1006,0.5373485595590302,0.4644808743169399,0.4623885082138399,0.4617176072846395,0.53715770677
41,Tit For Tat,2.28254867771,0.4990876651373743,60.0,0.4520750258455177,0.2545104596929027,0.2445772054444714,0.2548439502432099,0.2460683846194158,0.463736057944,0.537226605956,0.461306123583,0.538479078025,1006,0.4990876651373743,0.4520750258455177,0.5374797047141983,0.4621452547413322,0.461306123583
58,PSO Gambler 1_1_1,2.2686718977,0.5090733250437111,53.0,0.4604932801654113,0.2591185844755384,0.2499547405681726,0.2497129599192001,0.2412137150370889,0.460795081724,0.512247698707,0.538475203603,0.528819323183,1006,0.5090733250437111,0.4604932801654113,0.501082806203795,0.4796139466034064,0.538475203603
48,Bully,2.28036907876,0.5010266744798738,58.0,0.5408359178850982,0.2552441389035784,0.2457825355762955,0.2535528653984497,0.2454204601216764,0.537918725666,0.462460247693,0.53542119057,0.464370594627,1006,0.5010266744798738,0.5408359178850982,0.4633258908994861,0.5365852829172761,0.53542119057
95,Evolved ANN 5,2.22696890439,0.5340446210356311,36.0,0.470683798552651,0.2714970390803284,0.2625475819553027,0.2366032081790938,0.2293521707852749,0.531756930726,0.536485250697,0.533723467345,0.536448395825,1006,0.5340446210356311,0.470683798552651,0.4673273270054875,0.4635319331801011,0.533723467345
57,Hard Go By Majority: 40,2.27208660273,0.5019806956612879,58.0,0.5440850686752327,0.2548308488287335,0.2471498468325544,0.2530859786280199,0.2449333257106921,0.497870031069,0.510915926708,0.491736966863,0.506442137356,1006,0.5019806956612879,0.5440850686752327,0.5051859664342452,0.4913108921829023,0.491736966863
75,Hard Tit For Tat,2.23975588492,0.5251987841887366,41.0,0.454438044601979,0.2666721454399931,0.2585266387487434,0.2411577362661445,0.2336434795451188,0.516170302027,0.536267927117,0.51477130463,0.536606635497,1006,0.5251987841887366,0.454438044601979,0.4844940524299872,0.463571280909833,0.51477130463
32,Average Copier,2.28443766347,0.499171037774951,61.0,0.498596957613351,0.2540423818847934,0.2451286558901577,0.2548403771301708,0.245988585094878,0.496606985918,0.499924934831,0.498049265538,0.502353878069,1006,0.499171037774951,0.498596957613351,0.5026707434297195,0.49885846705244236,0.498049265538
104,Retaliate 3: 0.05,2.22260970648,0.5352082648486668,35.0,0.4600502141485748,0.2717173810510669,0.2634908837975999,0.2351918285286873,0.2295999066226458,0.535265885484,0.53768577433,0.534134282695,0.535848360492,1006,0.5352082648486668,0.4600502141485748,0.4652591468572622,0.4631697882840825,0.534134282695
59,Prober,2.26794536472,0.507573808605009,54.0,0.5291685127750702,0.2580645161290323,0.2495092924759767,0.2503585023415801,0.2420676890534109,0.48084059131,0.536404711995,0.478514960902,0.53564486256,1006,0.507573808605009,0.5291685127750702,0.520304599455946,0.4639694613362792,0.478514960902
63,Cycler DDC,2.26329555362,0.5120211433008894,50.0,0.5358145030276178,0.2606240561026388,0.2513970871982505,0.2483373113991835,0.2396415452999271,0.510470390134,0.511045528632,0.513708470966,0.512371319189,1006,0.5120211433008894,0.5358145030276178,0.4879496544130761,0.4883074459064652,0.513708470966
93,Nice Meta Winner Ensemble: 173 players,2.22769543737,0.5350141257068809,37.0,0.4650716290060552,0.2714220037065092,0.2635921220003714,0.2364412270546592,0.2285446472384601,0.535848726954,0.535580529847,0.534627437612,0.536271779355,1006,0.5350141257068809,0.4650716290060552,0.4647198575252869,0.46409845903407065,0.534627437612
37,DoubleResurrection,2.28400174368,0.4986731840248498,60.0,0.4590163934426229,0.2536374290737062,0.2450357549511435,0.2552060256978291,0.2461207902773212,0.466938624849,0.536756109311,0.463251931542,0.531466265739,1006,0.4986731840248498,0.4590163934426229,0.5349104042345493,0.4658946554869697,0.463251931542
29,Worse and Worse 3,2.28509154316,0.4992925236182772,60.0,0.4655146950228917,0.2543365681916713,0.244955955426606,0.2549880658024497,0.245719410579273,0.496891157291,0.500804649034,0.499670553901,0.501117343496,1006,0.4992925236182772,0.4655146950228917,0.5017173667850414,0.4990387604700892,0.499670553901
98,NMWE Finite Memory: 78 players,2.22478930543,0.5322247154610983,37.0,0.4551764879633732,0.2697414495404975,0.2624832659206007,0.2371760973030142,0.2305991872358873,0.531530090415,0.534301852388,0.53221678918,0.533450106613,1006,0.5322247154610983,0.4551764879633732,0.4681486176231817,0.46609648237769546,0.53221678918
1,Cooperator Hunter,2.34684684685,0.4617927022739291,85.0,0.4638901196278245,0.2364352718662609,0.2253574304076683,0.2748569563746719,0.2633503413513988,0.461052818958,0.462005413545,0.461655616815,0.462513602228,1006,0.4617927022739291,0.4638901196278245,0.5386231331196324,0.5377207384196858,0.461655616815
52,Meta Majority Finite Memory: 78 players,2.27877070619,0.502282028194244,59.0,0.4606409688376901,0.2560909666938224,0.2461910615004216,0.2535969337925974,0.2441210380131585,0.470711093356,0.536920418576,0.469076374697,0.536333537898,1006,0.502282028194244,0.4606409688376901,0.53010226642582,0.46337178290229386,0.469076374697
21,Soft Go By Majority,2.29163034002,0.4931562974926274,64.0,0.4618224782159208,0.2507622641149874,0.2423940333776398,0.2584194453575734,0.2484242571497993,0.491594302231,0.500443500529,0.485830856922,0.496112743221,1006,0.4931562974926274,0.4618224782159208,0.5113307563726236,0.5017484821006201,0.485830856922
2,$\pi$,2.34655623365,0.4640818766942511,82.0,0.4637424309555457,0.2377894817080434,0.2262923949862077,0.274060152166974,0.2618579711387749,0.464136785857,0.462902735434,0.465438361138,0.463705863116,1006,0.4640818766942511,0.4637424309555457,0.5351663104119821,0.536666443655133,0.465438361138
23,Contrite Tit For Tat,2.2877070619,0.4958980662312233,61.0,0.4655146950228917,0.2520295282061543,0.2438685380250689,0.2569687614637377,0.2471331723050391,0.462921340133,0.521240131904,0.464762442343,0.537799031828,1006,0.4958980662312233,0.4655146950228917,0.5361491758898757,0.4704253686797994,0.464762442343
87,Adaptive,2.23045626271,0.5309002815613074,39.0,0.4690592231575838,0.2698569801954255,0.2610433013658819,0.2376382199227255,0.231461498515967,0.530050392631,0.532968657996,0.531962904812,0.530588464553,1006,0.5309002815613074,0.4690592231575838,0.4690540600019164,0.4681499567691897,0.531962904812
100,Fool Me Once,2.22399011915,0.535390493613656,35.0,0.4647762516614975,0.2716530650163647,0.2637374285972911,0.2361553780115387,0.2284541283748052,0.534867731839,0.536936780843,0.534375487959,0.537723466718,1006,0.535390493613656,0.4647762516614975,0.46536118526773834,0.4626980734462862,0.534375487959
